[
  {
    "inputs": [
      {
        "internalType": "address",
        "name": "_bank1",
        "type": "address"
      },
      {
        "internalType": "address",
        "name": "_bank2",
        "type": "address"
      }
    ],
    "stateMutability": "nonpayable",
    "type": "constructor"
  },
  {
    "inputs": [],
    "name": "bank1",
    "outputs": [
      {
        "internalType": "contract IMonsterBank",
        "name": "",
        "type": "address"
      }
    ],
    "stateMutability": "view",
    "type": "function"
  },
  {
    "inputs": [],
    "name": "bank2",
    "outputs": [
      {
        "internalType": "contract IMonsterBank",
        "name": "",
        "type": "address"
      }
    ],
    "stateMutability": "view",
    "type": "function"
  },
  {
    "inputs": [
      {
        "internalType": "uint8",
        "name": "monsterId",
        "type": "uint8"
      }
    ],
    "name": "getMonsterName",
    "outputs": [
      {
        "internalType": "string",
        "name": "",
        "type": "string"
      }
    ],
    "stateMutability": "view",
    "type": "function"
  },
  {
    "inputs": [
      {
        "internalType": "uint8",
        "name": "monsterId",
        "type": "uint8"
      }
    ],
    "name": "getMonsterSVG",
    "outputs": [
      {
        "internalType": "string",
        "name": "",
        "type": "string"
      }
    ],
    "stateMutability": "view",
    "type": "function"
  }
]