[
  {
    "inputs": [],
    "stateMutability": "nonpayable",
    "type": "constructor"
  },
  {
    "inputs": [
      {
        "internalType": "uint256",
        "name": "",
        "type": "uint256"
      }
    ],
    "name": "backgroundNames",
    "outputs": [
      {
        "internalType": "string",
        "name": "",
        "type": "string"
      }
    ],
    "stateMutability": "view",
    "type": "function"
  },
  {
    "inputs": [
      {
        "internalType": "uint8",
        "name": "id",
        "type": "uint8"
      }
    ],
    "name": "getBackgroundName",
    "outputs": [
      {
        "internalType": "string",
        "name": "",
        "type": "string"
      }
    ],
    "stateMutability": "view",
    "type": "function"
  },
  {
    "inputs": [
      {
        "internalType": "uint8",
        "name": "id",
        "type": "uint8"
      }
    ],
    "name": "getBackgroundUrl",
    "outputs": [
      {
        "internalType": "string",
        "name": "",
        "type": "string"
      }
    ],
    "stateMutability": "view",
    "type": "function"
  },
  {
    "inputs": [],
    "name": "owner",
    "outputs": [
      {
        "internalType": "address",
        "name": "",
        "type": "address"
      }
    ],
    "stateMutability": "view",
    "type": "function"
  },
  {
    "inputs": [
      {
        "internalType": "uint8",
        "name": "id",
        "type": "uint8"
      },
      {
        "internalType": "string",
        "name": "url",
        "type": "string"
      }
    ],
    "name": "setBackgroundUrl",
    "outputs": [],
    "stateMutability": "nonpayable",
    "type": "function"
  },
  {
    "inputs": [
      {
        "internalType": "uint8[]",
        "name": "ids",
        "type": "uint8[]"
      },
      {
        "internalType": "string[]",
        "name": "urls",
        "type": "string[]"
      }
    ],
    "name": "setMultipleUrls",
    "outputs": [],
    "stateMutability": "nonpayable",
    "type": "function"
  }
]