[
  {
    "inputs": [
      {
        "internalType": "address",
        "name": "_monsterBank",
        "type": "address"
      },
      {
        "internalType": "address",
        "name": "_backgroundBank",
        "type": "address"
      },
      {
        "internalType": "address",
        "name": "_itemBank",
        "type": "address"
      },
      {
        "internalType": "address",
        "name": "_effectBank",
        "type": "address"
      }
    ],
    "stateMutability": "nonpayable",
    "type": "constructor"
  },
  {
    "inputs": [],
    "name": "backgroundBank",
    "outputs": [
      {
        "internalType": "contract IArweaveBackgroundBank",
        "name": "",
        "type": "address"
      }
    ],
    "stateMutability": "view",
    "type": "function"
  },
  {
    "inputs": [
      {
        "internalType": "uint8",
        "name": "species",
        "type": "uint8"
      },
      {
        "internalType": "uint8",
        "name": "background",
        "type": "uint8"
      },
      {
        "internalType": "uint8",
        "name": "item",
        "type": "uint8"
      },
      {
        "internalType": "uint8",
        "name": "effect",
        "type": "uint8"
      }
    ],
    "name": "composeSVG",
    "outputs": [
      {
        "internalType": "string",
        "name": "",
        "type": "string"
      }
    ],
    "stateMutability": "view",
    "type": "function"
  },
  {
    "inputs": [
      {
        "internalType": "uint8",
        "name": "species",
        "type": "uint8"
      },
      {
        "internalType": "uint8",
        "name": "background",
        "type": "uint8"
      },
      {
        "internalType": "uint8",
        "name": "displayItem",
        "type": "uint8"
      },
      {
        "internalType": "uint8",
        "name": "effect",
        "type": "uint8"
      }
    ],
    "name": "composeSVGWithSynergy",
    "outputs": [
      {
        "internalType": "string",
        "name": "",
        "type": "string"
      }
    ],
    "stateMutability": "view",
    "type": "function"
  },
  {
    "inputs": [],
    "name": "effectBank",
    "outputs": [
      {
        "internalType": "contract IArweaveEffectBank",
        "name": "",
        "type": "address"
      }
    ],
    "stateMutability": "view",
    "type": "function"
  },
  {
    "inputs": [
      {
        "internalType": "uint8",
        "name": "background",
        "type": "uint8"
      }
    ],
    "name": "filterParams",
    "outputs": [
      {
        "internalType": "uint16",
        "name": "",
        "type": "uint16"
      },
      {
        "internalType": "uint16",
        "name": "",
        "type": "uint16"
      },
      {
        "internalType": "uint16",
        "name": "",
        "type": "uint16"
      }
    ],
    "stateMutability": "view",
    "type": "function"
  },
  {
    "inputs": [
      {
        "internalType": "uint8",
        "name": "species",
        "type": "uint8"
      },
      {
        "internalType": "uint8",
        "name": "item",
        "type": "uint8"
      }
    ],
    "name": "getDisplayItem",
    "outputs": [
      {
        "internalType": "uint8",
        "name": "",
        "type": "uint8"
      }
    ],
    "stateMutability": "pure",
    "type": "function"
  },
  {
    "inputs": [],
    "name": "itemBank",
    "outputs": [
      {
        "internalType": "contract IArweaveItemBank",
        "name": "",
        "type": "address"
      }
    ],
    "stateMutability": "view",
    "type": "function"
  },
  {
    "inputs": [],
    "name": "monsterBank",
    "outputs": [
      {
        "internalType": "contract IArweaveMonsterBank",
        "name": "",
        "type": "address"
      }
    ],
    "stateMutability": "view",
    "type": "function"
  },
  {
    "inputs": [
      {
        "internalType": "string",
        "name": "svg",
        "type": "string"
      }
    ],
    "name": "svgToBase64DataUri",
    "outputs": [
      {
        "internalType": "string",
        "name": "",
        "type": "string"
      }
    ],
    "stateMutability": "pure",
    "type": "function"
  }
]