[
  {
    "inputs": [
      {
        "internalType": "uint8",
        "name": "id",
        "type": "uint8"
      }
    ],
    "name": "getItemName",
    "outputs": [
      {
        "internalType": "string",
        "name": "",
        "type": "string"
      }
    ],
    "stateMutability": "view",
    "type": "function"
  },
  {
    "inputs": [
      {
        "internalType": "uint8",
        "name": "id",
        "type": "uint8"
      }
    ],
    "name": "getItemSVG",
    "outputs": [
      {
        "internalType": "string",
        "name": "",
        "type": "string"
      }
    ],
    "stateMutability": "view",
    "type": "function"
  }
]