[
  {
    "inputs": [],
    "name": "backgroundBank",
    "outputs": [
      {
        "internalType": "address",
        "name": "",
        "type": "address"
      }
    ],
    "stateMutability": "view",
    "type": "function"
  },
  {
    "inputs": [
      {
        "internalType": "uint8",
        "name": "species",
        "type": "uint8"
      },
      {
        "internalType": "uint8",
        "name": "background",
        "type": "uint8"
      },
      {
        "internalType": "uint8",
        "name": "item",
        "type": "uint8"
      },
      {
        "internalType": "uint8",
        "name": "effect",
        "type": "uint8"
      }
    ],
    "name": "composeSVG",
    "outputs": [
      {
        "internalType": "string",
        "name": "",
        "type": "string"
      }
    ],
    "stateMutability": "view",
    "type": "function"
  },
  {
    "inputs": [],
    "name": "effectBank",
    "outputs": [
      {
        "internalType": "address",
        "name": "",
        "type": "address"
      }
    ],
    "stateMutability": "view",
    "type": "function"
  },
  {
    "inputs": [
      {
        "internalType": "uint8",
        "name": "",
        "type": "uint8"
      }
    ],
    "name": "filterParams",
    "outputs": [
      {
        "internalType": "uint16",
        "name": "",
        "type": "uint16"
      },
      {
        "internalType": "uint16",
        "name": "",
        "type": "uint16"
      },
      {
        "internalType": "uint16",
        "name": "",
        "type": "uint16"
      }
    ],
    "stateMutability": "view",
    "type": "function"
  },
  {
    "inputs": [],
    "name": "itemBank",
    "outputs": [
      {
        "internalType": "address",
        "name": "",
        "type": "address"
      }
    ],
    "stateMutability": "view",
    "type": "function"
  },
  {
    "inputs": [],
    "name": "monsterBank",
    "outputs": [
      {
        "internalType": "address",
        "name": "",
        "type": "address"
      }
    ],
    "stateMutability": "view",
    "type": "function"
  }
]